<?xml version="1.0" encoding="UTF-8"?>
<!DOCTYPE mapper
  PUBLIC "-//mybatis.org//DTD Mapper 3.0//EN"
  "http://mybatis.org/dtd/mybatis-3-mapper.dtd">
<mapper namespace="com.jerajin.board.mapper.BoardMapper">
	<!-- 게시판 리스트 -->
	<!-- id="메서드 이름" -->
	<select id="list" resultType="com.jerajin.board.vo.BoardVO">
		select rnum, no, title, writer, writeDate, hit
		from(
			select rownum rnum, no, title, writer, writeDate, hit
			from(
				select no, title, writer, writeDate, hit
				from board
				order by no desc
			)
		)
		where rnum between 1 and 10
	</select>
	
	<!-- 게시판 글보기 - 글번호가 넘어온다. :no-->
	<!-- id="메서드 이름" -->
	<select id="view" resultType="com.jerajin.board.vo.BoardVO">
		select no, title, content, writer, writeDate, hit
		from board
		where no = #{no}
	</select>
	
	<!-- 게시판 조회수 1증가 - 글번호가 넘어온다. :no-->
	<update id="increase">
		update board set hit = hit + 1
		where no = #{no}
	</update>
	
	<!-- 게시판 글쓰기 - BoardVO가 넘어온다. : vo 안에 있는 프로퍼티 이름만 쓰시면 된다. -->
	<insert id="write">
		insert into board(no, title, content, writer)
		values (board_seq.nextval, #{title}, #{content}, #{writer})
	</insert>
	
	<!-- 게시판 글수정 - BoardVO가 넘어온다. : vo 안에 있는 프로퍼티 이름만 쓰시면 된다. -->
	<update id="update">
		update board
		set title = #{title}, content = #{content}, writer = #{writer}
		where no = #{no}
	</update>
	
	<!-- 게시판 글삭제 - 글번호 : no -->
	<delete id="delete">
		delete from board
		where no = #{no}
	</delete>
	
	<select id="getTotalRow" resultType="java.lang.Long">
		select count(*) 
		from board
	</select>
	
</mapper>