<?xml version="1.0" encoding="UTF-8"?>
<!DOCTYPE mapper
  PUBLIC "-//mybatis.org//DTD Mapper 3.0//EN"
  "http://mybatis.org/dtd/mybatis-3-mapper.dtd">
<mapper namespace="com.jerajin.board.mapper.ReplyMapper">
	<!-- 게시판 리스트 -->
	<!-- id="메서드 이름" -->
	<select id="list" resultType="com.jerajin.board.vo.ReplyVO">
		select rnum, bno, reply, replyer, replyDate
		from(
			select rownum rnum, bno, reply, replyer, replyDate
			from(
				select rno, bno, reply, replyer, replyDate
				from tbl_reply
				where bno = #{no }
				order by rno desc
			)
		)
		where rnum between 1 and 5
	</select>

	<select id="getTotalRow" resultType="java.lang.Long">
		select count(*) 
		from tbl_reply
	</select>
	
	<!-- 게시판 글쓰기 - BoardVO가 넘어온다. : vo 안에 있는 프로퍼티 이름만 쓰시면 된다. -->
	<insert id="write">
		insert into tbl_reply(rno, bno, reply, replyer)
		values (seq_reply.nextval, #{no}, #{content}, #{writer})
	</insert>
	
	<!-- 게시판 글수정 - BoardVO가 넘어온다. : vo 안에 있는 프로퍼티 이름만 쓰시면 된다. -->
	<update id="update">
		update tbl_reply
		set reply = #{content}, replyer = #{writer}
		where rno = #{rno}
	</update>
	
	<!-- 게시판 글삭제 - 글번호 : rno -->
	<delete id="delete">
		delete from tbl_reply
		where rno = #{rno}
	</delete>
	

	
</mapper>